[{"model": "auth.permission", "pk": 1, "fields": {"name": "Can add log entry", "content_type": 1, "codename": "add_logentry"}}, {"model": "auth.permission", "pk": 2, "fields": {"name": "Can change log entry", "content_type": 1, "codename": "change_logentry"}}, {"model": "auth.permission", "pk": 3, "fields": {"name": "Can delete log entry", "content_type": 1, "codename": "delete_logentry"}}, {"model": "auth.permission", "pk": 4, "fields": {"name": "Can view log entry", "content_type": 1, "codename": "view_logentry"}}, {"model": "auth.permission", "pk": 5, "fields": {"name": "Can add permission", "content_type": 2, "codename": "add_permission"}}, {"model": "auth.permission", "pk": 6, "fields": {"name": "Can change permission", "content_type": 2, "codename": "change_permission"}}, {"model": "auth.permission", "pk": 7, "fields": {"name": "Can delete permission", "content_type": 2, "codename": "delete_permission"}}, {"model": "auth.permission", "pk": 8, "fields": {"name": "Can view permission", "content_type": 2, "codename": "view_permission"}}, {"model": "auth.permission", "pk": 9, "fields": {"name": "Can add group", "content_type": 3, "codename": "add_group"}}, {"model": "auth.permission", "pk": 10, "fields": {"name": "Can change group", "content_type": 3, "codename": "change_group"}}, {"model": "auth.permission", "pk": 11, "fields": {"name": "Can delete group", "content_type": 3, "codename": "delete_group"}}, {"model": "auth.permission", "pk": 12, "fields": {"name": "Can view group", "content_type": 3, "codename": "view_group"}}, {"model": "auth.permission", "pk": 13, "fields": {"name": "Can add content type", "content_type": 4, "codename": "add_contenttype"}}, {"model": "auth.permission", "pk": 14, "fields": {"name": "Can change content type", "content_type": 4, "codename": "change_contenttype"}}, {"model": "auth.permission", "pk": 15, "fields": {"name": "Can delete content type", "content_type": 4, "codename": "delete_contenttype"}}, {"model": "auth.permission", "pk": 16, "fields": {"name": "Can view content type", "content_type": 4, "codename": "view_contenttype"}}, {"model": "auth.permission", "pk": 17, "fields": {"name": "Can add session", "content_type": 5, "codename": "add_session"}}, {"model": "auth.permission", "pk": 18, "fields": {"name": "Can change session", "content_type": 5, "codename": "change_session"}}, {"model": "auth.permission", "pk": 19, "fields": {"name": "Can delete session", "content_type": 5, "codename": "delete_session"}}, {"model": "auth.permission", "pk": 20, "fields": {"name": "Can view session", "content_type": 5, "codename": "view_session"}}, {"model": "auth.permission", "pk": 21, "fields": {"name": "Can add user", "content_type": 6, "codename": "add_userprofile"}}, {"model": "auth.permission", "pk": 22, "fields": {"name": "Can change user", "content_type": 6, "codename": "change_userprofile"}}, {"model": "auth.permission", "pk": 23, "fields": {"name": "Can delete user", "content_type": 6, "codename": "delete_userprofile"}}, {"model": "auth.permission", "pk": 24, "fields": {"name": "Can view user", "content_type": 6, "codename": "view_userprofile"}}, {"model": "auth.permission", "pk": 25, "fields": {"name": "Can add class group", "content_type": 7, "codename": "add_classgroup"}}, {"model": "auth.permission", "pk": 26, "fields": {"name": "Can change class group", "content_type": 7, "codename": "change_classgroup"}}, {"model": "auth.permission", "pk": 27, "fields": {"name": "Can delete class group", "content_type": 7, "codename": "delete_classgroup"}}, {"model": "auth.permission", "pk": 28, "fields": {"name": "Can view class group", "content_type": 7, "codename": "view_classgroup"}}, {"model": "auth.permission", "pk": 29, "fields": {"name": "Can add questionnaire", "content_type": 8, "codename": "add_questionnaire"}}, {"model": "auth.permission", "pk": 30, "fields": {"name": "Can change questionnaire", "content_type": 8, "codename": "change_questionnaire"}}, {"model": "auth.permission", "pk": 31, "fields": {"name": "Can delete questionnaire", "content_type": 8, "codename": "delete_questionnaire"}}, {"model": "auth.permission", "pk": 32, "fields": {"name": "Can view questionnaire", "content_type": 8, "codename": "view_questionnaire"}}, {"model": "auth.permission", "pk": 33, "fields": {"name": "Can add question", "content_type": 9, "codename": "add_question"}}, {"model": "auth.permission", "pk": 34, "fields": {"name": "Can change question", "content_type": 9, "codename": "change_question"}}, {"model": "auth.permission", "pk": 35, "fields": {"name": "Can delete question", "content_type": 9, "codename": "delete_question"}}, {"model": "auth.permission", "pk": 36, "fields": {"name": "Can view question", "content_type": 9, "codename": "view_question"}}, {"model": "auth.permission", "pk": 37, "fields": {"name": "Can add option", "content_type": 10, "codename": "add_option"}}, {"model": "auth.permission", "pk": 38, "fields": {"name": "Can change option", "content_type": 10, "codename": "change_option"}}, {"model": "auth.permission", "pk": 39, "fields": {"name": "Can delete option", "content_type": 10, "codename": "delete_option"}}, {"model": "auth.permission", "pk": 40, "fields": {"name": "Can view option", "content_type": 10, "codename": "view_option"}}, {"model": "auth.permission", "pk": 41, "fields": {"name": "Can add user result", "content_type": 11, "codename": "add_userresult"}}, {"model": "auth.permission", "pk": 42, "fields": {"name": "Can change user result", "content_type": 11, "codename": "change_userresult"}}, {"model": "auth.permission", "pk": 43, "fields": {"name": "Can delete user result", "content_type": 11, "codename": "delete_userresult"}}, {"model": "auth.permission", "pk": 44, "fields": {"name": "Can view user result", "content_type": 11, "codename": "view_userresult"}}, {"model": "auth.permission", "pk": 45, "fields": {"name": "Can add user answer", "content_type": 12, "codename": "add_useranswer"}}, {"model": "auth.permission", "pk": 46, "fields": {"name": "Can change user answer", "content_type": 12, "codename": "change_useranswer"}}, {"model": "auth.permission", "pk": 47, "fields": {"name": "Can delete user answer", "content_type": 12, "codename": "delete_useranswer"}}, {"model": "auth.permission", "pk": 48, "fields": {"name": "Can view user answer", "content_type": 12, "codename": "view_useranswer"}}, {"model": "contenttypes.contenttype", "pk": 1, "fields": {"app_label": "admin", "model": "logentry"}}, {"model": "contenttypes.contenttype", "pk": 2, "fields": {"app_label": "auth", "model": "permission"}}, {"model": "contenttypes.contenttype", "pk": 3, "fields": {"app_label": "auth", "model": "group"}}, {"model": "contenttypes.contenttype", "pk": 4, "fields": {"app_label": "contenttypes", "model": "contenttype"}}, {"model": "contenttypes.contenttype", "pk": 5, "fields": {"app_label": "sessions", "model": "session"}}, {"model": "contenttypes.contenttype", "pk": 6, "fields": {"app_label": "accounts", "model": "userprofile"}}, {"model": "contenttypes.contenttype", "pk": 7, "fields": {"app_label": "teachers", "model": "classgroup"}}, {"model": "contenttypes.contenttype", "pk": 8, "fields": {"app_label": "quizzes", "model": "questionnaire"}}, {"model": "contenttypes.contenttype", "pk": 9, "fields": {"app_label": "quizzes", "model": "question"}}, {"model": "contenttypes.contenttype", "pk": 10, "fields": {"app_label": "quizzes", "model": "option"}}, {"model": "contenttypes.contenttype", "pk": 11, "fields": {"app_label": "quizzes", "model": "userresult"}}, {"model": "contenttypes.contenttype", "pk": 12, "fields": {"app_label": "quizzes", "model": "useranswer"}}, {"model": "sessions.session", "pk": "79s0zvg1fbs5n6sqt29vyekjwdacuyk7", "fields": {"session_data": ".eJxdjkkOwyAMAP_CuYoIZUly7L1vQDY4SxeQgJyq_r1JFFVNj54ZW34xC3MZ7Zwp2cmzjil2-mUI7k5hFf4GYYiVi6GkCas1qXabq2v09Ljs7eHACHlctluPjgxCjyiVb3qjWtAeURvijRM9GA1GaK0k1cTlGXXbLD2XuhZC6vWrHhzZYaacrYspkSus4wdcYoHHBgM8aRntJr91_Sf2Xr4_MPVY9Q:1ubdRy:8vRdzoH4cWCc5fsVHIVSRFvgEGbREB202xjD_VTpMj8", "expire_date": "2025-07-29T11:03:54.818Z"}}, {"model": "accounts.userprofile", "pk": 1, "fields": {"password": "pbkdf2_sha256$1000000$xbVPX8kJQOlGn83FqlbJAK$E63/Ikd130jvijJVDIIL/wYxd1RlK0m2jpFyywses5Q=", "last_login": "2025-06-23T09:09:17.635Z", "is_superuser": true, "username": "carlos", "first_name": "", "last_name": "", "email": "crodriguezb.2022@gmail.com", "is_staff": true, "is_active": true, "date_joined": "2025-06-19T08:41:30.102Z", "role": "student", "profile_picture": "", "date_of_birth": null, "gender": null, "nickname": null, "residence_area": null, "celebrate_birthday": true, "learning_style": null, "emotional_reinforcement": null, "favorite_song": null, "favorite_artist": null, "favorite_movie": null, "motivation": null, "share_with_class": false, "groups": [], "user_permissions": []}}, {"model": "accounts.userprofile", "pk": 2, "fields": {"password": "pbkdf2_sha256$1000000$HjJyU4XWrbfa16Bbh6QpIx$TpK9NCz1WRs84R+g/4SEXNCpvQPxvTzcQ9adDlDH2Gw=", "last_login": "2025-06-19T09:50:30.664Z", "is_superuser": false, "username": "Prueba1", "first_name": "", "last_name": "", "email": "prueba@gmail.com", "is_staff": false, "is_active": true, "date_joined": "2025-06-19T09:49:33.723Z", "role": "student", "profile_picture": "", "date_of_birth": null, "gender": null, "nickname": null, "residence_area": null, "celebrate_birthday": true, "learning_style": null, "emotional_reinforcement": null, "favorite_song": null, "favorite_artist": null, "favorite_movie": null, "motivation": null, "share_with_class": false, "groups": [], "user_permissions": []}}, {"model": "accounts.userprofile", "pk": 3, "fields": {"password": "pbkdf2_sha256$1000000$zoaOHjUmXFSC2gWykrfgQ9$+hf59p7q/4pD9a2wjfddR5Pm8aD+U8znFHLigG8Dis0=", "last_login": "2025-07-08T07:01:02.858Z", "is_superuser": false, "username": "Prueba2", "first_name": "", "last_name": "", "email": "prueba2@gmail.com", "is_staff": false, "is_active": true, "date_joined": "2025-06-20T08:57:55.261Z", "role": "student", "profile_picture": "profile_pics/imagen_prueba_1.jpg", "date_of_birth": "1837-01-01", "gender": "male", "nickname": "prueba", "residence_area": "pruebaland", "celebrate_birthday": true, "learning_style": "Estilo prueba", "emotional_reinforcement": "refuerzo prueba", "favorite_song": "prueba song", "favorite_artist": "super prueba", "favorite_movie": "prueba", "motivation": "probar", "share_with_class": true, "groups": [], "user_permissions": []}}, {"model": "accounts.userprofile", "pk": 4, "fields": {"password": "pbkdf2_sha256$1000000$1n0EezYN7wHVdnjt1DqoOc$Mm38/3n8+usg02S3442fLhF8+9Wd1Jn/vm/m8h/ETkI=", "last_login": "2025-06-20T09:02:02.683Z", "is_superuser": false, "username": "Prueba3", "first_name": "", "last_name": "", "email": "Prueba3@gmail.com", "is_staff": false, "is_active": true, "date_joined": "2025-06-20T09:01:48.962Z", "role": "teacher", "profile_picture": "", "date_of_birth": null, "gender": null, "nickname": null, "residence_area": null, "celebrate_birthday": true, "learning_style": null, "emotional_reinforcement": null, "favorite_song": null, "favorite_artist": null, "favorite_movie": null, "motivation": null, "share_with_class": false, "groups": [], "user_permissions": []}}, {"model": "accounts.userprofile", "pk": 5, "fields": {"password": "pbkdf2_sha256$1000000$zw3hn5UO6weOkelqkZHJYe$d+/vgdnMl9C0VG1xph85uH1wp7Q9IMatEzscl7ce1dk=", "last_login": "2025-07-10T07:11:52.606Z", "is_superuser": false, "username": "profesor", "first_name": "", "last_name": "", "email": "profesor@gmail.com", "is_staff": false, "is_active": true, "date_joined": "2025-06-24T15:50:10.880Z", "role": "teacher", "profile_picture": "", "date_of_birth": null, "gender": null, "nickname": null, "residence_area": null, "celebrate_birthday": true, "learning_style": null, "emotional_reinforcement": null, "favorite_song": null, "favorite_artist": null, "favorite_movie": null, "motivation": null, "share_with_class": false, "groups": [], "user_permissions": []}}, {"model": "accounts.userprofile", "pk": 6, "fields": {"password": "pbkdf2_sha256$1000000$h1Liw11RW0YUVh7dOQieQ4$h190QAzM9n5WcpfqKIpi/pgY/RRhBww8mQtjrWbp1Z4=", "last_login": "2025-07-09T06:40:53.757Z", "is_superuser": false, "username": "alumno", "first_name": "", "last_name": "", "email": "alumno@gmail.com", "is_staff": false, "is_active": true, "date_joined": "2025-06-24T16:23:06.570Z", "role": "student", "profile_picture": "profile_pics/imagen_prueba_2.jpg", "date_of_birth": "1995-07-16", "gender": "male", "nickname": null, "residence_area": null, "celebrate_birthday": true, "learning_style": null, "emotional_reinforcement": null, "favorite_song": null, "favorite_artist": null, "favorite_movie": null, "motivation": "", "share_with_class": true, "groups": [], "user_permissions": []}}, {"model": "accounts.userprofile", "pk": 7, "fields": {"password": "pbkdf2_sha256$1000000$OyR32fyg0SkXgOxIHq1a23$ZVECxvZbYOlHisPcOFqQaYgoz4x6iJNKXZqte2PRKKg=", "last_login": "2025-07-09T06:47:32.626Z", "is_superuser": false, "username": "alumno2", "first_name": "", "last_name": "", "email": "alumno@gmail.com", "is_staff": false, "is_active": true, "date_joined": "2025-07-09T06:43:14.675Z", "role": "student", "profile_picture": "profile_pics/imagen_prueba_3.jpg", "date_of_birth": "1999-06-13", "gender": "female", "nickname": null, "residence_area": null, "celebrate_birthday": true, "learning_style": null, "emotional_reinforcement": null, "favorite_song": null, "favorite_artist": null, "favorite_movie": null, "motivation": "", "share_with_class": true, "groups": [], "user_permissions": []}}, {"model": "accounts.userprofile", "pk": 8, "fields": {"password": "pbkdf2_sha256$1000000$rdnIPec69fAE5Z5FV7fsmR$eki0daOh7vyT7HsbT98wG7ammX+1SPQE0c/ED7HeUww=", "last_login": "2025-07-09T06:45:47.776Z", "is_superuser": false, "username": "alumno3", "first_name": "", "last_name": "", "email": "alumno@gmail.com", "is_staff": false, "is_active": true, "date_joined": "2025-07-09T06:45:34.092Z", "role": "student", "profile_picture": "profile_pics/imagen_prueba_5.jpg", "date_of_birth": "1998-05-04", "gender": "male", "nickname": null, "residence_area": null, "celebrate_birthday": true, "learning_style": null, "emotional_reinforcement": null, "favorite_song": null, "favorite_artist": null, "favorite_movie": null, "motivation": "", "share_with_class": true, "groups": [], "user_permissions": []}}, {"model": "accounts.userprofile", "pk": 9, "fields": {"password": "pbkdf2_sha256$1000000$mqesJDds5DP8BZrecn2eYR$I+Qyfo+rqrEM4Id24GUyff3sOmA79WCkValJxDWY7mw=", "last_login": "2025-07-09T06:49:27.814Z", "is_superuser": false, "username": "alumno4", "first_name": "", "last_name": "", "email": "alumno@gmail.com", "is_staff": false, "is_active": true, "date_joined": "2025-07-09T06:49:13.572Z", "role": "student", "profile_picture": "profile_pics/imagen_prueba_4.jpg", "date_of_birth": "2000-02-14", "gender": "female", "nickname": null, "residence_area": null, "celebrate_birthday": true, "learning_style": null, "emotional_reinforcement": null, "favorite_song": null, "favorite_artist": null, "favorite_movie": null, "motivation": "", "share_with_class": true, "groups": [], "user_permissions": []}}, {"model": "accounts.userprofile", "pk": 10, "fields": {"password": "pbkdf2_sha256$1000000$Ma0mvyLeeaQTui8EfWdUM4$rvA9vR9VvB5dKlklsnQ0B/dkBE0evUjlYBMB3EA0MAo=", "last_login": "2025-07-09T06:52:18.527Z", "is_superuser": false, "username": "alumno5", "first_name": "", "last_name": "", "email": "alumno@gmail.com", "is_staff": false, "is_active": true, "date_joined": "2025-07-09T06:52:06.249Z", "role": "student", "profile_picture": "profile_pics/imagen_prueba_6.jpg", "date_of_birth": "1995-07-16", "gender": "female", "nickname": null, "residence_area": null, "celebrate_birthday": true, "learning_style": null, "emotional_reinforcement": null, "favorite_song": null, "favorite_artist": null, "favorite_movie": null, "motivation": "", "share_with_class": true, "groups": [], "user_permissions": []}}, {"model": "accounts.userprofile", "pk": 11, "fields": {"password": "pbkdf2_sha256$1000000$13HNZkDGGGfCJMAa1aOsX2$a61QlSY17OYVOY97ty2aJJRTJRfXHaFJuZUKn1SnFZ0=", "last_login": "2025-07-10T07:10:16.955Z", "is_superuser": false, "username": "alumno7", "first_name": "", "last_name": "", "email": "alumno@gmail.com", "is_staff": false, "is_active": true, "date_joined": "2025-07-10T07:10:01.738Z", "role": "student", "profile_picture": "profile_pics/imagen_prueba_7.jpg", "date_of_birth": null, "gender": "male", "nickname": null, "residence_area": null, "celebrate_birthday": true, "learning_style": null, "emotional_reinforcement": null, "favorite_song": null, "favorite_artist": null, "favorite_movie": null, "motivation": "", "share_with_class": false, "groups": [], "user_permissions": []}}, {"model": "teachers.classgroup", "pk": 1, "fields": {"name": "grupo 1", "teacher": 5, "students": [1, 2, 3]}}, {"model": "teachers.classgroup", "pk": 2, "fields": {"name": "grupo 2", "teacher": 5, "students": [3]}}, {"model": "teachers.classgroup", "pk": 5, "fields": {"name": "Grupo 3", "teacher": 5, "students": [1, 2, 3, 6, 7, 8, 9, 10]}}, {"model": "teachers.classgroup", "pk": 6, "fields": {"name": "grupo 4", "teacher": 5, "students": [1, 2, 3, 6, 7, 8, 9, 10, 11]}}, {"model": "quizzes.questionnaire", "pk": 1, "fields": {"title": "VARK", "description": "Test de estilos de aprendizaje VARK"}}, {"model": "quizzes.question", "pk": 1, "fields": {"questionnaire": 1, "text": "Me gustarÝa que el profesor usara:"}}, {"model": "quizzes.question", "pk": 2, "fields": {"questionnaire": 1, "text": "Cuando trabajo en equipo, me gusta:"}}, {"model": "quizzes.question", "pk": 3, "fields": {"questionnaire": 1, "text": "Cuando aprendo algo nuevo, prefiero:"}}, {"model": "quizzes.question", "pk": 4, "fields": {"questionnaire": 1, "text": "En una presentaci¾n me ayudan mßs:"}}, {"model": "quizzes.question", "pk": 5, "fields": {"questionnaire": 1, "text": "Me gusta que los profesores:"}}, {"model": "quizzes.question", "pk": 6, "fields": {"questionnaire": 1, "text": "Si tengo que recordar algo, prefiero:"}}, {"model": "quizzes.question", "pk": 7, "fields": {"questionnaire": 1, "text": "Cuando me dan instrucciones nuevas:"}}, {"model": "quizzes.question", "pk": 8, "fields": {"questionnaire": 1, "text": "Para tomar apuntes, prefiero:"}}, {"model": "quizzes.question", "pk": 9, "fields": {"questionnaire": 1, "text": "Para revisar antes de un examen:"}}, {"model": "quizzes.question", "pk": 10, "fields": {"questionnaire": 1, "text": "Si tengo que armar un mueble:"}}, {"model": "quizzes.question", "pk": 11, "fields": {"questionnaire": 1, "text": "Para entender una pelÝcula o historia:"}}, {"model": "quizzes.question", "pk": 12, "fields": {"questionnaire": 1, "text": "Prefiero aprender con:"}}, {"model": "quizzes.question", "pk": 13, "fields": {"questionnaire": 1, "text": "En el aula me ayuda mßs:"}}, {"model": "quizzes.question", "pk": 14, "fields": {"questionnaire": 1, "text": "Cuando elijo ropa:"}}, {"model": "quizzes.question", "pk": 15, "fields": {"questionnaire": 1, "text": "Si necesito aprender a usar una app nueva:"}}, {"model": "quizzes.question", "pk": 16, "fields": {"questionnaire": 1, "text": "Cuando explico algo a alguien:"}}, {"model": "quizzes.option", "pk": 1, "fields": {"question": 1, "text": "diagramas y grßficos", "category": "V", "value": 1}}, {"model": "quizzes.option", "pk": 2, "fields": {"question": 1, "text": "discusiones, charlas", "category": "A", "value": 1}}, {"model": "quizzes.option", "pk": 3, "fields": {"question": 1, "text": "libros y apuntes", "category": "R", "value": 1}}, {"model": "quizzes.option", "pk": 4, "fields": {"question": 1, "text": "actividades prßcticas", "category": "K", "value": 1}}, {"model": "quizzes.option", "pk": 5, "fields": {"question": 2, "text": "hacer un esquema", "category": "V", "value": 1}}, {"model": "quizzes.option", "pk": 6, "fields": {"question": 2, "text": "hablar con todos", "category": "A", "value": 1}}, {"model": "quizzes.option", "pk": 7, "fields": {"question": 2, "text": "escribir todo en un documento", "category": "R", "value": 1}}, {"model": "quizzes.option", "pk": 8, "fields": {"question": 2, "text": "realizar algo juntos", "category": "K", "value": 1}}, {"model": "quizzes.option", "pk": 9, "fields": {"question": 3, "text": "ver imßgenes o mapas", "category": "V", "value": 1}}, {"model": "quizzes.option", "pk": 10, "fields": {"question": 3, "text": "escuchar a alguien explicarlo", "category": "A", "value": 1}}, {"model": "quizzes.option", "pk": 11, "fields": {"question": 3, "text": "leer sobre ello", "category": "R", "value": 1}}, {"model": "quizzes.option", "pk": 12, "fields": {"question": 3, "text": "probarlo yo mismo", "category": "K", "value": 1}}, {"model": "quizzes.option", "pk": 13, "fields": {"question": 4, "text": "diagramas y fotos", "category": "V", "value": 1}}, {"model": "quizzes.option", "pk": 14, "fields": {"question": 4, "text": "la explicaci¾n oral", "category": "A", "value": 1}}, {"model": "quizzes.option", "pk": 15, "fields": {"question": 4, "text": "el folleto con texto", "category": "R", "value": 1}}, {"model": "quizzes.option", "pk": 16, "fields": {"question": 4, "text": "los ejemplos prßcticos", "category": "K", "value": 1}}, {"model": "quizzes.option", "pk": 17, "fields": {"question": 5, "text": "usen dibujos", "category": "V", "value": 1}}, {"model": "quizzes.option", "pk": 18, "fields": {"question": 5, "text": "expliquen en voz alta", "category": "A", "value": 1}}, {"model": "quizzes.option", "pk": 19, "fields": {"question": 5, "text": "den apuntes", "category": "R", "value": 1}}, {"model": "quizzes.option", "pk": 20, "fields": {"question": 5, "text": "hagan actividades", "category": "K", "value": 1}}, {"model": "quizzes.option", "pk": 21, "fields": {"question": 6, "text": "visualizarlo", "category": "V", "value": 1}}, {"model": "quizzes.option", "pk": 22, "fields": {"question": 6, "text": "repetÝrmelo en voz alta", "category": "A", "value": 1}}, {"model": "quizzes.option", "pk": 23, "fields": {"question": 6, "text": "escribirlo muchas veces", "category": "R", "value": 1}}, {"model": "quizzes.option", "pk": 24, "fields": {"question": 6, "text": "hacer algo relacionado", "category": "K", "value": 1}}, {"model": "quizzes.option", "pk": 25, "fields": {"question": 7, "text": "me ayudan los esquemas", "category": "V", "value": 1}}, {"model": "quizzes.option", "pk": 26, "fields": {"question": 7, "text": "prefiero que me lo digan", "category": "A", "value": 1}}, {"model": "quizzes.option", "pk": 27, "fields": {"question": 7, "text": "quiero las instrucciones escritas", "category": "R", "value": 1}}, {"model": "quizzes.option", "pk": 28, "fields": {"question": 7, "text": "pruebo a hacerlo directamente", "category": "K", "value": 1}}, {"model": "quizzes.option", "pk": 29, "fields": {"question": 8, "text": "dibujar sÝmbolos y flechas", "category": "V", "value": 1}}, {"model": "quizzes.option", "pk": 30, "fields": {"question": 8, "text": "escuchar y anotar palabras clave", "category": "A", "value": 1}}, {"model": "quizzes.option", "pk": 31, "fields": {"question": 8, "text": "copiar exactamente lo que dicen", "category": "R", "value": 1}}, {"model": "quizzes.option", "pk": 32, "fields": {"question": 8, "text": "anotar solo lo que entiendo haciendo", "category": "K", "value": 1}}, {"model": "quizzes.option", "pk": 33, "fields": {"question": 9, "text": "uso mapas mentales", "category": "V", "value": 1}}, {"model": "quizzes.option", "pk": 34, "fields": {"question": 9, "text": "explico el tema a alguien", "category": "A", "value": 1}}, {"model": "quizzes.option", "pk": 35, "fields": {"question": 9, "text": "releo mis apuntes", "category": "R", "value": 1}}, {"model": "quizzes.option", "pk": 36, "fields": {"question": 9, "text": "repaso con ejercicios", "category": "K", "value": 1}}, {"model": "quizzes.option", "pk": 37, "fields": {"question": 10, "text": "me fijo en los diagramas", "category": "V", "value": 1}}, {"model": "quizzes.option", "pk": 38, "fields": {"question": 10, "text": "escucho instrucciones", "category": "A", "value": 1}}, {"model": "quizzes.option", "pk": 39, "fields": {"question": 10, "text": "leo el manual", "category": "R", "value": 1}}, {"model": "quizzes.option", "pk": 40, "fields": {"question": 10, "text": "me pongo manos a la obra", "category": "K", "value": 1}}, {"model": "quizzes.option", "pk": 41, "fields": {"question": 11, "text": "presto atenci¾n a las imßgenes", "category": "V", "value": 1}}, {"model": "quizzes.option", "pk": 42, "fields": {"question": 11, "text": "escucho los dißlogos", "category": "A", "value": 1}}, {"model": "quizzes.option", "pk": 43, "fields": {"question": 11, "text": "leo los subtÝtulos", "category": "R", "value": 1}}, {"model": "quizzes.option", "pk": 44, "fields": {"question": 11, "text": "me concentro en lo que hacen", "category": "K", "value": 1}}, {"model": "quizzes.option", "pk": 45, "fields": {"question": 12, "text": "esquemas y grßficos", "category": "V", "value": 1}}, {"model": "quizzes.option", "pk": 46, "fields": {"question": 12, "text": "debates y conversaciones", "category": "A", "value": 1}}, {"model": "quizzes.option", "pk": 47, "fields": {"question": 12, "text": "lectura y escritura", "category": "R", "value": 1}}, {"model": "quizzes.option", "pk": 48, "fields": {"question": 12, "text": "proyectos y prßctica", "category": "K", "value": 1}}, {"model": "quizzes.option", "pk": 49, "fields": {"question": 13, "text": "dibujos y colores", "category": "V", "value": 1}}, {"model": "quizzes.option", "pk": 50, "fields": {"question": 13, "text": "la voz del profesor", "category": "A", "value": 1}}, {"model": "quizzes.option", "pk": 51, "fields": {"question": 13, "text": "los textos escritos", "category": "R", "value": 1}}, {"model": "quizzes.option", "pk": 52, "fields": {"question": 13, "text": "las actividades", "category": "K", "value": 1}}, {"model": "quizzes.option", "pk": 53, "fields": {"question": 14, "text": "me guÝo por el color y estilo", "category": "V", "value": 1}}, {"model": "quizzes.option", "pk": 54, "fields": {"question": 14, "text": "pido opiniones", "category": "A", "value": 1}}, {"model": "quizzes.option", "pk": 55, "fields": {"question": 14, "text": "leo las etiquetas", "category": "R", "value": 1}}, {"model": "quizzes.option", "pk": 56, "fields": {"question": 14, "text": "me la pruebo", "category": "K", "value": 1}}, {"model": "quizzes.option", "pk": 57, "fields": {"question": 15, "text": "veo un tutorial en video", "category": "V", "value": 1}}, {"model": "quizzes.option", "pk": 58, "fields": {"question": 15, "text": "le pido a alguien que me lo explique", "category": "A", "value": 1}}, {"model": "quizzes.option", "pk": 59, "fields": {"question": 15, "text": "leo las instrucciones", "category": "R", "value": 1}}, {"model": "quizzes.option", "pk": 60, "fields": {"question": 15, "text": "exploro la app por mÝ mismo", "category": "K", "value": 1}}, {"model": "quizzes.option", "pk": 61, "fields": {"question": 16, "text": "uso dibujos o ejemplos visuales", "category": "V", "value": 1}}, {"model": "quizzes.option", "pk": 62, "fields": {"question": 16, "text": "lo digo en voz alta", "category": "A", "value": 1}}, {"model": "quizzes.option", "pk": 63, "fields": {"question": 16, "text": "escribo los pasos", "category": "R", "value": 1}}, {"model": "quizzes.option", "pk": 64, "fields": {"question": 16, "text": "le muestro c¾mo se hace", "category": "K", "value": 1}}, {"model": "quizzes.useranswer", "pk": 17, "fields": {"user": 3, "question": 1, "selected_option": 2}}, {"model": "quizzes.useranswer", "pk": 18, "fields": {"user": 3, "question": 2, "selected_option": 6}}, {"model": "quizzes.useranswer", "pk": 19, "fields": {"user": 3, "question": 3, "selected_option": 12}}, {"model": "quizzes.useranswer", "pk": 20, "fields": {"user": 3, "question": 4, "selected_option": 14}}, {"model": "quizzes.useranswer", "pk": 21, "fields": {"user": 3, "question": 5, "selected_option": 18}}, {"model": "quizzes.useranswer", "pk": 22, "fields": {"user": 3, "question": 6, "selected_option": 22}}, {"model": "quizzes.useranswer", "pk": 23, "fields": {"user": 3, "question": 7, "selected_option": 25}}, {"model": "quizzes.useranswer", "pk": 24, "fields": {"user": 3, "question": 8, "selected_option": 30}}, {"model": "quizzes.useranswer", "pk": 25, "fields": {"user": 3, "question": 9, "selected_option": 35}}, {"model": "quizzes.useranswer", "pk": 26, "fields": {"user": 3, "question": 10, "selected_option": 39}}, {"model": "quizzes.useranswer", "pk": 27, "fields": {"user": 3, "question": 11, "selected_option": 42}}, {"model": "quizzes.useranswer", "pk": 28, "fields": {"user": 3, "question": 12, "selected_option": 46}}, {"model": "quizzes.useranswer", "pk": 29, "fields": {"user": 3, "question": 13, "selected_option": 50}}, {"model": "quizzes.useranswer", "pk": 30, "fields": {"user": 3, "question": 14, "selected_option": 53}}, {"model": "quizzes.useranswer", "pk": 31, "fields": {"user": 3, "question": 15, "selected_option": 58}}, {"model": "quizzes.useranswer", "pk": 32, "fields": {"user": 3, "question": 16, "selected_option": 63}}, {"model": "quizzes.useranswer", "pk": 33, "fields": {"user": 6, "question": 1, "selected_option": 3}}, {"model": "quizzes.useranswer", "pk": 34, "fields": {"user": 6, "question": 2, "selected_option": 7}}, {"model": "quizzes.useranswer", "pk": 35, "fields": {"user": 6, "question": 3, "selected_option": 11}}, {"model": "quizzes.useranswer", "pk": 36, "fields": {"user": 6, "question": 4, "selected_option": 15}}, {"model": "quizzes.useranswer", "pk": 37, "fields": {"user": 6, "question": 5, "selected_option": 19}}, {"model": "quizzes.useranswer", "pk": 38, "fields": {"user": 6, "question": 6, "selected_option": 21}}, {"model": "quizzes.useranswer", "pk": 39, "fields": {"user": 6, "question": 7, "selected_option": 28}}, {"model": "quizzes.useranswer", "pk": 40, "fields": {"user": 6, "question": 8, "selected_option": 30}}, {"model": "quizzes.useranswer", "pk": 41, "fields": {"user": 6, "question": 9, "selected_option": 35}}, {"model": "quizzes.useranswer", "pk": 42, "fields": {"user": 6, "question": 10, "selected_option": 37}}, {"model": "quizzes.useranswer", "pk": 43, "fields": {"user": 6, "question": 11, "selected_option": 44}}, {"model": "quizzes.useranswer", "pk": 44, "fields": {"user": 6, "question": 12, "selected_option": 45}}, {"model": "quizzes.useranswer", "pk": 45, "fields": {"user": 6, "question": 13, "selected_option": 51}}, {"model": "quizzes.useranswer", "pk": 46, "fields": {"user": 6, "question": 14, "selected_option": 53}}, {"model": "quizzes.useranswer", "pk": 47, "fields": {"user": 6, "question": 15, "selected_option": 59}}, {"model": "quizzes.useranswer", "pk": 48, "fields": {"user": 6, "question": 16, "selected_option": 62}}, {"model": "quizzes.useranswer", "pk": 49, "fields": {"user": 8, "question": 1, "selected_option": 2}}, {"model": "quizzes.useranswer", "pk": 50, "fields": {"user": 8, "question": 2, "selected_option": 6}}, {"model": "quizzes.useranswer", "pk": 51, "fields": {"user": 8, "question": 3, "selected_option": 10}}, {"model": "quizzes.useranswer", "pk": 52, "fields": {"user": 8, "question": 4, "selected_option": 14}}, {"model": "quizzes.useranswer", "pk": 53, "fields": {"user": 8, "question": 5, "selected_option": 18}}, {"model": "quizzes.useranswer", "pk": 54, "fields": {"user": 8, "question": 6, "selected_option": 22}}, {"model": "quizzes.useranswer", "pk": 55, "fields": {"user": 8, "question": 7, "selected_option": 26}}, {"model": "quizzes.useranswer", "pk": 56, "fields": {"user": 8, "question": 8, "selected_option": 30}}, {"model": "quizzes.useranswer", "pk": 57, "fields": {"user": 8, "question": 9, "selected_option": 34}}, {"model": "quizzes.useranswer", "pk": 58, "fields": {"user": 8, "question": 10, "selected_option": 38}}, {"model": "quizzes.useranswer", "pk": 59, "fields": {"user": 8, "question": 11, "selected_option": 44}}, {"model": "quizzes.useranswer", "pk": 60, "fields": {"user": 8, "question": 12, "selected_option": 46}}, {"model": "quizzes.useranswer", "pk": 61, "fields": {"user": 8, "question": 13, "selected_option": 50}}, {"model": "quizzes.useranswer", "pk": 62, "fields": {"user": 8, "question": 14, "selected_option": 54}}, {"model": "quizzes.useranswer", "pk": 63, "fields": {"user": 8, "question": 15, "selected_option": 58}}, {"model": "quizzes.useranswer", "pk": 64, "fields": {"user": 8, "question": 16, "selected_option": 62}}, {"model": "quizzes.useranswer", "pk": 65, "fields": {"user": 7, "question": 1, "selected_option": 3}}, {"model": "quizzes.useranswer", "pk": 66, "fields": {"user": 7, "question": 2, "selected_option": 8}}, {"model": "quizzes.useranswer", "pk": 67, "fields": {"user": 7, "question": 3, "selected_option": 10}}, {"model": "quizzes.useranswer", "pk": 68, "fields": {"user": 7, "question": 4, "selected_option": 13}}, {"model": "quizzes.useranswer", "pk": 69, "fields": {"user": 7, "question": 5, "selected_option": 18}}, {"model": "quizzes.useranswer", "pk": 70, "fields": {"user": 7, "question": 6, "selected_option": 23}}, {"model": "quizzes.useranswer", "pk": 71, "fields": {"user": 7, "question": 7, "selected_option": 27}}, {"model": "quizzes.useranswer", "pk": 72, "fields": {"user": 7, "question": 8, "selected_option": 31}}, {"model": "quizzes.useranswer", "pk": 73, "fields": {"user": 7, "question": 9, "selected_option": 34}}, {"model": "quizzes.useranswer", "pk": 74, "fields": {"user": 7, "question": 10, "selected_option": 39}}, {"model": "quizzes.useranswer", "pk": 75, "fields": {"user": 7, "question": 11, "selected_option": 44}}, {"model": "quizzes.useranswer", "pk": 76, "fields": {"user": 7, "question": 12, "selected_option": 47}}, {"model": "quizzes.useranswer", "pk": 77, "fields": {"user": 7, "question": 13, "selected_option": 49}}, {"model": "quizzes.useranswer", "pk": 78, "fields": {"user": 7, "question": 14, "selected_option": 55}}, {"model": "quizzes.useranswer", "pk": 79, "fields": {"user": 7, "question": 15, "selected_option": 60}}, {"model": "quizzes.useranswer", "pk": 80, "fields": {"user": 7, "question": 16, "selected_option": 61}}, {"model": "quizzes.useranswer", "pk": 81, "fields": {"user": 9, "question": 1, "selected_option": 2}}, {"model": "quizzes.useranswer", "pk": 82, "fields": {"user": 9, "question": 2, "selected_option": 6}}, {"model": "quizzes.useranswer", "pk": 83, "fields": {"user": 9, "question": 3, "selected_option": 10}}, {"model": "quizzes.useranswer", "pk": 84, "fields": {"user": 9, "question": 4, "selected_option": 14}}, {"model": "quizzes.useranswer", "pk": 85, "fields": {"user": 9, "question": 5, "selected_option": 18}}, {"model": "quizzes.useranswer", "pk": 86, "fields": {"user": 9, "question": 6, "selected_option": 22}}, {"model": "quizzes.useranswer", "pk": 87, "fields": {"user": 9, "question": 7, "selected_option": 26}}, {"model": "quizzes.useranswer", "pk": 88, "fields": {"user": 9, "question": 8, "selected_option": 30}}, {"model": "quizzes.useranswer", "pk": 89, "fields": {"user": 9, "question": 9, "selected_option": 34}}, {"model": "quizzes.useranswer", "pk": 90, "fields": {"user": 9, "question": 10, "selected_option": 38}}, {"model": "quizzes.useranswer", "pk": 91, "fields": {"user": 9, "question": 11, "selected_option": 42}}, {"model": "quizzes.useranswer", "pk": 92, "fields": {"user": 9, "question": 12, "selected_option": 46}}, {"model": "quizzes.useranswer", "pk": 93, "fields": {"user": 9, "question": 13, "selected_option": 50}}, {"model": "quizzes.useranswer", "pk": 94, "fields": {"user": 9, "question": 14, "selected_option": 54}}, {"model": "quizzes.useranswer", "pk": 95, "fields": {"user": 9, "question": 15, "selected_option": 58}}, {"model": "quizzes.useranswer", "pk": 96, "fields": {"user": 9, "question": 16, "selected_option": 62}}, {"model": "quizzes.useranswer", "pk": 97, "fields": {"user": 10, "question": 1, "selected_option": 1}}, {"model": "quizzes.useranswer", "pk": 98, "fields": {"user": 10, "question": 2, "selected_option": 5}}, {"model": "quizzes.useranswer", "pk": 99, "fields": {"user": 10, "question": 3, "selected_option": 9}}, {"model": "quizzes.useranswer", "pk": 100, "fields": {"user": 10, "question": 4, "selected_option": 13}}, {"model": "quizzes.useranswer", "pk": 101, "fields": {"user": 10, "question": 5, "selected_option": 17}}, {"model": "quizzes.useranswer", "pk": 102, "fields": {"user": 10, "question": 6, "selected_option": 21}}, {"model": "quizzes.useranswer", "pk": 103, "fields": {"user": 10, "question": 7, "selected_option": 25}}, {"model": "quizzes.useranswer", "pk": 104, "fields": {"user": 10, "question": 8, "selected_option": 29}}, {"model": "quizzes.useranswer", "pk": 105, "fields": {"user": 10, "question": 9, "selected_option": 33}}, {"model": "quizzes.useranswer", "pk": 106, "fields": {"user": 10, "question": 10, "selected_option": 37}}, {"model": "quizzes.useranswer", "pk": 107, "fields": {"user": 10, "question": 11, "selected_option": 41}}, {"model": "quizzes.useranswer", "pk": 108, "fields": {"user": 10, "question": 12, "selected_option": 45}}, {"model": "quizzes.useranswer", "pk": 109, "fields": {"user": 10, "question": 13, "selected_option": 49}}, {"model": "quizzes.useranswer", "pk": 110, "fields": {"user": 10, "question": 14, "selected_option": 53}}, {"model": "quizzes.useranswer", "pk": 111, "fields": {"user": 10, "question": 15, "selected_option": 57}}, {"model": "quizzes.useranswer", "pk": 112, "fields": {"user": 10, "question": 16, "selected_option": 61}}, {"model": "quizzes.useranswer", "pk": 113, "fields": {"user": 11, "question": 1, "selected_option": 2}}, {"model": "quizzes.useranswer", "pk": 114, "fields": {"user": 11, "question": 2, "selected_option": 8}}, {"model": "quizzes.useranswer", "pk": 115, "fields": {"user": 11, "question": 3, "selected_option": 11}}, {"model": "quizzes.useranswer", "pk": 116, "fields": {"user": 11, "question": 4, "selected_option": 15}}, {"model": "quizzes.useranswer", "pk": 117, "fields": {"user": 11, "question": 5, "selected_option": 18}}, {"model": "quizzes.useranswer", "pk": 118, "fields": {"user": 11, "question": 6, "selected_option": 23}}, {"model": "quizzes.useranswer", "pk": 119, "fields": {"user": 11, "question": 7, "selected_option": 28}}, {"model": "quizzes.useranswer", "pk": 120, "fields": {"user": 11, "question": 8, "selected_option": 31}}, {"model": "quizzes.useranswer", "pk": 121, "fields": {"user": 11, "question": 9, "selected_option": 34}}, {"model": "quizzes.useranswer", "pk": 122, "fields": {"user": 11, "question": 10, "selected_option": 40}}, {"model": "quizzes.useranswer", "pk": 123, "fields": {"user": 11, "question": 11, "selected_option": 42}}, {"model": "quizzes.useranswer", "pk": 124, "fields": {"user": 11, "question": 12, "selected_option": 48}}, {"model": "quizzes.useranswer", "pk": 125, "fields": {"user": 11, "question": 13, "selected_option": 49}}, {"model": "quizzes.useranswer", "pk": 126, "fields": {"user": 11, "question": 14, "selected_option": 56}}, {"model": "quizzes.useranswer", "pk": 127, "fields": {"user": 11, "question": 15, "selected_option": 58}}, {"model": "quizzes.useranswer", "pk": 128, "fields": {"user": 11, "question": 16, "selected_option": 61}}, {"model": "quizzes.userresult", "pk": 1, "fields": {"user": 3, "questionnaire": 1, "dominant_category": "A"}}, {"model": "quizzes.userresult", "pk": 2, "fields": {"user": 6, "questionnaire": 1, "dominant_category": "R"}}, {"model": "quizzes.userresult", "pk": 3, "fields": {"user": 8, "questionnaire": 1, "dominant_category": "A"}}, {"model": "quizzes.userresult", "pk": 4, "fields": {"user": 7, "questionnaire": 1, "dominant_category": "R"}}, {"model": "quizzes.userresult", "pk": 5, "fields": {"user": 9, "questionnaire": 1, "dominant_category": "A"}}, {"model": "quizzes.userresult", "pk": 6, "fields": {"user": 10, "questionnaire": 1, "dominant_category": "V"}}, {"model": "quizzes.userresult", "pk": 7, "fields": {"user": 11, "questionnaire": 1, "dominant_category": "A"}}]
