[{"model": "quizzes.questionnaire", "pk": 1, "fields": {"title": "VARK", "description": "Test de estilos de aprendizaje VARK"}}, {"model": "quizzes.question", "pk": 1, "fields": {"questionnaire": 1, "text": "Me gustar¦a que el profesor usara:"}}, {"model": "quizzes.question", "pk": 2, "fields": {"questionnaire": 1, "text": "Cuando trabajo en equipo, me gusta:"}}, {"model": "quizzes.question", "pk": 3, "fields": {"questionnaire": 1, "text": "Cuando aprendo algo nuevo, prefiero:"}}, {"model": "quizzes.question", "pk": 4, "fields": {"questionnaire": 1, "text": "En una presentaci¥n me ayudan m▀s:"}}, {"model": "quizzes.question", "pk": 5, "fields": {"questionnaire": 1, "text": "Me gusta que los profesores:"}}, {"model": "quizzes.question", "pk": 6, "fields": {"questionnaire": 1, "text": "Si tengo que recordar algo, prefiero:"}}, {"model": "quizzes.question", "pk": 7, "fields": {"questionnaire": 1, "text": "Cuando me dan instrucciones nuevas:"}}, {"model": "quizzes.question", "pk": 8, "fields": {"questionnaire": 1, "text": "Para tomar apuntes, prefiero:"}}, {"model": "quizzes.question", "pk": 9, "fields": {"questionnaire": 1, "text": "Para revisar antes de un examen:"}}, {"model": "quizzes.question", "pk": 10, "fields": {"questionnaire": 1, "text": "Si tengo que armar un mueble:"}}, {"model": "quizzes.question", "pk": 11, "fields": {"questionnaire": 1, "text": "Para entender una pel¦cula o historia:"}}, {"model": "quizzes.question", "pk": 12, "fields": {"questionnaire": 1, "text": "Prefiero aprender con:"}}, {"model": "quizzes.question", "pk": 13, "fields": {"questionnaire": 1, "text": "En el aula me ayuda m▀s:"}}, {"model": "quizzes.question", "pk": 14, "fields": {"questionnaire": 1, "text": "Cuando elijo ropa:"}}, {"model": "quizzes.question", "pk": 15, "fields": {"questionnaire": 1, "text": "Si necesito aprender a usar una app nueva:"}}, {"model": "quizzes.question", "pk": 16, "fields": {"questionnaire": 1, "text": "Cuando explico algo a alguien:"}}, {"model": "quizzes.option", "pk": 1, "fields": {"question": 1, "text": "diagramas y gr▀ficos", "category": "V", "value": 1}}, {"model": "quizzes.option", "pk": 2, "fields": {"question": 1, "text": "discusiones, charlas", "category": "A", "value": 1}}, {"model": "quizzes.option", "pk": 3, "fields": {"question": 1, "text": "libros y apuntes", "category": "R", "value": 1}}, {"model": "quizzes.option", "pk": 4, "fields": {"question": 1, "text": "actividades pr▀cticas", "category": "K", "value": 1}}, {"model": "quizzes.option", "pk": 5, "fields": {"question": 2, "text": "hacer un esquema", "category": "V", "value": 1}}, {"model": "quizzes.option", "pk": 6, "fields": {"question": 2, "text": "hablar con todos", "category": "A", "value": 1}}, {"model": "quizzes.option", "pk": 7, "fields": {"question": 2, "text": "escribir todo en un documento", "category": "R", "value": 1}}, {"model": "quizzes.option", "pk": 8, "fields": {"question": 2, "text": "realizar algo juntos", "category": "K", "value": 1}}, {"model": "quizzes.option", "pk": 9, "fields": {"question": 3, "text": "ver im▀genes o mapas", "category": "V", "value": 1}}, {"model": "quizzes.option", "pk": 10, "fields": {"question": 3, "text": "escuchar a alguien explicarlo", "category": "A", "value": 1}}, {"model": "quizzes.option", "pk": 11, "fields": {"question": 3, "text": "leer sobre ello", "category": "R", "value": 1}}, {"model": "quizzes.option", "pk": 12, "fields": {"question": 3, "text": "probarlo yo mismo", "category": "K", "value": 1}}, {"model": "quizzes.option", "pk": 13, "fields": {"question": 4, "text": "diagramas y fotos", "category": "V", "value": 1}}, {"model": "quizzes.option", "pk": 14, "fields": {"question": 4, "text": "la explicaci¥n oral", "category": "A", "value": 1}}, {"model": "quizzes.option", "pk": 15, "fields": {"question": 4, "text": "el folleto con texto", "category": "R", "value": 1}}, {"model": "quizzes.option", "pk": 16, "fields": {"question": 4, "text": "los ejemplos pr▀cticos", "category": "K", "value": 1}}, {"model": "quizzes.option", "pk": 17, "fields": {"question": 5, "text": "usen dibujos", "category": "V", "value": 1}}, {"model": "quizzes.option", "pk": 18, "fields": {"question": 5, "text": "expliquen en voz alta", "category": "A", "value": 1}}, {"model": "quizzes.option", "pk": 19, "fields": {"question": 5, "text": "den apuntes", "category": "R", "value": 1}}, {"model": "quizzes.option", "pk": 20, "fields": {"question": 5, "text": "hagan actividades", "category": "K", "value": 1}}, {"model": "quizzes.option", "pk": 21, "fields": {"question": 6, "text": "visualizarlo", "category": "V", "value": 1}}, {"model": "quizzes.option", "pk": 22, "fields": {"question": 6, "text": "repet¦rmelo en voz alta", "category": "A", "value": 1}}, {"model": "quizzes.option", "pk": 23, "fields": {"question": 6, "text": "escribirlo muchas veces", "category": "R", "value": 1}}, {"model": "quizzes.option", "pk": 24, "fields": {"question": 6, "text": "hacer algo relacionado", "category": "K", "value": 1}}, {"model": "quizzes.option", "pk": 25, "fields": {"question": 7, "text": "me ayudan los esquemas", "category": "V", "value": 1}}, {"model": "quizzes.option", "pk": 26, "fields": {"question": 7, "text": "prefiero que me lo digan", "category": "A", "value": 1}}, {"model": "quizzes.option", "pk": 27, "fields": {"question": 7, "text": "quiero las instrucciones escritas", "category": "R", "value": 1}}, {"model": "quizzes.option", "pk": 28, "fields": {"question": 7, "text": "pruebo a hacerlo directamente", "category": "K", "value": 1}}, {"model": "quizzes.option", "pk": 29, "fields": {"question": 8, "text": "dibujar s¦mbolos y flechas", "category": "V", "value": 1}}, {"model": "quizzes.option", "pk": 30, "fields": {"question": 8, "text": "escuchar y anotar palabras clave", "category": "A", "value": 1}}, {"model": "quizzes.option", "pk": 31, "fields": {"question": 8, "text": "copiar exactamente lo que dicen", "category": "R", "value": 1}}, {"model": "quizzes.option", "pk": 32, "fields": {"question": 8, "text": "anotar solo lo que entiendo haciendo", "category": "K", "value": 1}}, {"model": "quizzes.option", "pk": 33, "fields": {"question": 9, "text": "uso mapas mentales", "category": "V", "value": 1}}, {"model": "quizzes.option", "pk": 34, "fields": {"question": 9, "text": "explico el tema a alguien", "category": "A", "value": 1}}, {"model": "quizzes.option", "pk": 35, "fields": {"question": 9, "text": "releo mis apuntes", "category": "R", "value": 1}}, {"model": "quizzes.option", "pk": 36, "fields": {"question": 9, "text": "repaso con ejercicios", "category": "K", "value": 1}}, {"model": "quizzes.option", "pk": 37, "fields": {"question": 10, "text": "me fijo en los diagramas", "category": "V", "value": 1}}, {"model": "quizzes.option", "pk": 38, "fields": {"question": 10, "text": "escucho instrucciones", "category": "A", "value": 1}}, {"model": "quizzes.option", "pk": 39, "fields": {"question": 10, "text": "leo el manual", "category": "R", "value": 1}}, {"model": "quizzes.option", "pk": 40, "fields": {"question": 10, "text": "me pongo manos a la obra", "category": "K", "value": 1}}, {"model": "quizzes.option", "pk": 41, "fields": {"question": 11, "text": "presto atenci¥n a las im▀genes", "category": "V", "value": 1}}, {"model": "quizzes.option", "pk": 42, "fields": {"question": 11, "text": "escucho los di▀logos", "category": "A", "value": 1}}, {"model": "quizzes.option", "pk": 43, "fields": {"question": 11, "text": "leo los subt¦tulos", "category": "R", "value": 1}}, {"model": "quizzes.option", "pk": 44, "fields": {"question": 11, "text": "me concentro en lo que hacen", "category": "K", "value": 1}}, {"model": "quizzes.option", "pk": 45, "fields": {"question": 12, "text": "esquemas y gr▀ficos", "category": "V", "value": 1}}, {"model": "quizzes.option", "pk": 46, "fields": {"question": 12, "text": "debates y conversaciones", "category": "A", "value": 1}}, {"model": "quizzes.option", "pk": 47, "fields": {"question": 12, "text": "lectura y escritura", "category": "R", "value": 1}}, {"model": "quizzes.option", "pk": 48, "fields": {"question": 12, "text": "proyectos y pr▀ctica", "category": "K", "value": 1}}, {"model": "quizzes.option", "pk": 49, "fields": {"question": 13, "text": "dibujos y colores", "category": "V", "value": 1}}, {"model": "quizzes.option", "pk": 50, "fields": {"question": 13, "text": "la voz del profesor", "category": "A", "value": 1}}, {"model": "quizzes.option", "pk": 51, "fields": {"question": 13, "text": "los textos escritos", "category": "R", "value": 1}}, {"model": "quizzes.option", "pk": 52, "fields": {"question": 13, "text": "las actividades", "category": "K", "value": 1}}, {"model": "quizzes.option", "pk": 53, "fields": {"question": 14, "text": "me gu¦o por el color y estilo", "category": "V", "value": 1}}, {"model": "quizzes.option", "pk": 54, "fields": {"question": 14, "text": "pido opiniones", "category": "A", "value": 1}}, {"model": "quizzes.option", "pk": 55, "fields": {"question": 14, "text": "leo las etiquetas", "category": "R", "value": 1}}, {"model": "quizzes.option", "pk": 56, "fields": {"question": 14, "text": "me la pruebo", "category": "K", "value": 1}}, {"model": "quizzes.option", "pk": 57, "fields": {"question": 15, "text": "veo un tutorial en video", "category": "V", "value": 1}}, {"model": "quizzes.option", "pk": 58, "fields": {"question": 15, "text": "le pido a alguien que me lo explique", "category": "A", "value": 1}}, {"model": "quizzes.option", "pk": 59, "fields": {"question": 15, "text": "leo las instrucciones", "category": "R", "value": 1}}, {"model": "quizzes.option", "pk": 60, "fields": {"question": 15, "text": "exploro la app por m¦ mismo", "category": "K", "value": 1}}, {"model": "quizzes.option", "pk": 61, "fields": {"question": 16, "text": "uso dibujos o ejemplos visuales", "category": "V", "value": 1}}, {"model": "quizzes.option", "pk": 62, "fields": {"question": 16, "text": "lo digo en voz alta", "category": "A", "value": 1}}, {"model": "quizzes.option", "pk": 63, "fields": {"question": 16, "text": "escribo los pasos", "category": "R", "value": 1}}, {"model": "quizzes.option", "pk": 64, "fields": {"question": 16, "text": "le muestro c¥mo se hace", "category": "K", "value": 1}}, {"model": "quizzes.useranswer", "pk": 17, "fields": {"user": 3, "question": 1, "selected_option": 2}}, {"model": "quizzes.useranswer", "pk": 18, "fields": {"user": 3, "question": 2, "selected_option": 6}}, {"model": "quizzes.useranswer", "pk": 19, "fields": {"user": 3, "question": 3, "selected_option": 12}}, {"model": "quizzes.useranswer", "pk": 20, "fields": {"user": 3, "question": 4, "selected_option": 14}}, {"model": "quizzes.useranswer", "pk": 21, "fields": {"user": 3, "question": 5, "selected_option": 18}}, {"model": "quizzes.useranswer", "pk": 22, "fields": {"user": 3, "question": 6, "selected_option": 22}}, {"model": "quizzes.useranswer", "pk": 23, "fields": {"user": 3, "question": 7, "selected_option": 25}}, {"model": "quizzes.useranswer", "pk": 24, "fields": {"user": 3, "question": 8, "selected_option": 30}}, {"model": "quizzes.useranswer", "pk": 25, "fields": {"user": 3, "question": 9, "selected_option": 35}}, {"model": "quizzes.useranswer", "pk": 26, "fields": {"user": 3, "question": 10, "selected_option": 39}}, {"model": "quizzes.useranswer", "pk": 27, "fields": {"user": 3, "question": 11, "selected_option": 42}}, {"model": "quizzes.useranswer", "pk": 28, "fields": {"user": 3, "question": 12, "selected_option": 46}}, {"model": "quizzes.useranswer", "pk": 29, "fields": {"user": 3, "question": 13, "selected_option": 50}}, {"model": "quizzes.useranswer", "pk": 30, "fields": {"user": 3, "question": 14, "selected_option": 53}}, {"model": "quizzes.useranswer", "pk": 31, "fields": {"user": 3, "question": 15, "selected_option": 58}}, {"model": "quizzes.useranswer", "pk": 32, "fields": {"user": 3, "question": 16, "selected_option": 63}}, {"model": "quizzes.useranswer", "pk": 33, "fields": {"user": 6, "question": 1, "selected_option": 3}}, {"model": "quizzes.useranswer", "pk": 34, "fields": {"user": 6, "question": 2, "selected_option": 7}}, {"model": "quizzes.useranswer", "pk": 35, "fields": {"user": 6, "question": 3, "selected_option": 11}}, {"model": "quizzes.useranswer", "pk": 36, "fields": {"user": 6, "question": 4, "selected_option": 15}}, {"model": "quizzes.useranswer", "pk": 37, "fields": {"user": 6, "question": 5, "selected_option": 19}}, {"model": "quizzes.useranswer", "pk": 38, "fields": {"user": 6, "question": 6, "selected_option": 21}}, {"model": "quizzes.useranswer", "pk": 39, "fields": {"user": 6, "question": 7, "selected_option": 28}}, {"model": "quizzes.useranswer", "pk": 40, "fields": {"user": 6, "question": 8, "selected_option": 30}}, {"model": "quizzes.useranswer", "pk": 41, "fields": {"user": 6, "question": 9, "selected_option": 35}}, {"model": "quizzes.useranswer", "pk": 42, "fields": {"user": 6, "question": 10, "selected_option": 37}}, {"model": "quizzes.useranswer", "pk": 43, "fields": {"user": 6, "question": 11, "selected_option": 44}}, {"model": "quizzes.useranswer", "pk": 44, "fields": {"user": 6, "question": 12, "selected_option": 45}}, {"model": "quizzes.useranswer", "pk": 45, "fields": {"user": 6, "question": 13, "selected_option": 51}}, {"model": "quizzes.useranswer", "pk": 46, "fields": {"user": 6, "question": 14, "selected_option": 53}}, {"model": "quizzes.useranswer", "pk": 47, "fields": {"user": 6, "question": 15, "selected_option": 59}}, {"model": "quizzes.useranswer", "pk": 48, "fields": {"user": 6, "question": 16, "selected_option": 62}}, {"model": "quizzes.useranswer", "pk": 49, "fields": {"user": 8, "question": 1, "selected_option": 2}}, {"model": "quizzes.useranswer", "pk": 50, "fields": {"user": 8, "question": 2, "selected_option": 6}}, {"model": "quizzes.useranswer", "pk": 51, "fields": {"user": 8, "question": 3, "selected_option": 10}}, {"model": "quizzes.useranswer", "pk": 52, "fields": {"user": 8, "question": 4, "selected_option": 14}}, {"model": "quizzes.useranswer", "pk": 53, "fields": {"user": 8, "question": 5, "selected_option": 18}}, {"model": "quizzes.useranswer", "pk": 54, "fields": {"user": 8, "question": 6, "selected_option": 22}}, {"model": "quizzes.useranswer", "pk": 55, "fields": {"user": 8, "question": 7, "selected_option": 26}}, {"model": "quizzes.useranswer", "pk": 56, "fields": {"user": 8, "question": 8, "selected_option": 30}}, {"model": "quizzes.useranswer", "pk": 57, "fields": {"user": 8, "question": 9, "selected_option": 34}}, {"model": "quizzes.useranswer", "pk": 58, "fields": {"user": 8, "question": 10, "selected_option": 38}}, {"model": "quizzes.useranswer", "pk": 59, "fields": {"user": 8, "question": 11, "selected_option": 44}}, {"model": "quizzes.useranswer", "pk": 60, "fields": {"user": 8, "question": 12, "selected_option": 46}}, {"model": "quizzes.useranswer", "pk": 61, "fields": {"user": 8, "question": 13, "selected_option": 50}}, {"model": "quizzes.useranswer", "pk": 62, "fields": {"user": 8, "question": 14, "selected_option": 54}}, {"model": "quizzes.useranswer", "pk": 63, "fields": {"user": 8, "question": 15, "selected_option": 58}}, {"model": "quizzes.useranswer", "pk": 64, "fields": {"user": 8, "question": 16, "selected_option": 62}}, {"model": "quizzes.useranswer", "pk": 65, "fields": {"user": 7, "question": 1, "selected_option": 3}}, {"model": "quizzes.useranswer", "pk": 66, "fields": {"user": 7, "question": 2, "selected_option": 8}}, {"model": "quizzes.useranswer", "pk": 67, "fields": {"user": 7, "question": 3, "selected_option": 10}}, {"model": "quizzes.useranswer", "pk": 68, "fields": {"user": 7, "question": 4, "selected_option": 13}}, {"model": "quizzes.useranswer", "pk": 69, "fields": {"user": 7, "question": 5, "selected_option": 18}}, {"model": "quizzes.useranswer", "pk": 70, "fields": {"user": 7, "question": 6, "selected_option": 23}}, {"model": "quizzes.useranswer", "pk": 71, "fields": {"user": 7, "question": 7, "selected_option": 27}}, {"model": "quizzes.useranswer", "pk": 72, "fields": {"user": 7, "question": 8, "selected_option": 31}}, {"model": "quizzes.useranswer", "pk": 73, "fields": {"user": 7, "question": 9, "selected_option": 34}}, {"model": "quizzes.useranswer", "pk": 74, "fields": {"user": 7, "question": 10, "selected_option": 39}}, {"model": "quizzes.useranswer", "pk": 75, "fields": {"user": 7, "question": 11, "selected_option": 44}}, {"model": "quizzes.useranswer", "pk": 76, "fields": {"user": 7, "question": 12, "selected_option": 47}}, {"model": "quizzes.useranswer", "pk": 77, "fields": {"user": 7, "question": 13, "selected_option": 49}}, {"model": "quizzes.useranswer", "pk": 78, "fields": {"user": 7, "question": 14, "selected_option": 55}}, {"model": "quizzes.useranswer", "pk": 79, "fields": {"user": 7, "question": 15, "selected_option": 60}}, {"model": "quizzes.useranswer", "pk": 80, "fields": {"user": 7, "question": 16, "selected_option": 61}}, {"model": "quizzes.useranswer", "pk": 81, "fields": {"user": 9, "question": 1, "selected_option": 2}}, {"model": "quizzes.useranswer", "pk": 82, "fields": {"user": 9, "question": 2, "selected_option": 6}}, {"model": "quizzes.useranswer", "pk": 83, "fields": {"user": 9, "question": 3, "selected_option": 10}}, {"model": "quizzes.useranswer", "pk": 84, "fields": {"user": 9, "question": 4, "selected_option": 14}}, {"model": "quizzes.useranswer", "pk": 85, "fields": {"user": 9, "question": 5, "selected_option": 18}}, {"model": "quizzes.useranswer", "pk": 86, "fields": {"user": 9, "question": 6, "selected_option": 22}}, {"model": "quizzes.useranswer", "pk": 87, "fields": {"user": 9, "question": 7, "selected_option": 26}}, {"model": "quizzes.useranswer", "pk": 88, "fields": {"user": 9, "question": 8, "selected_option": 30}}, {"model": "quizzes.useranswer", "pk": 89, "fields": {"user": 9, "question": 9, "selected_option": 34}}, {"model": "quizzes.useranswer", "pk": 90, "fields": {"user": 9, "question": 10, "selected_option": 38}}, {"model": "quizzes.useranswer", "pk": 91, "fields": {"user": 9, "question": 11, "selected_option": 42}}, {"model": "quizzes.useranswer", "pk": 92, "fields": {"user": 9, "question": 12, "selected_option": 46}}, {"model": "quizzes.useranswer", "pk": 93, "fields": {"user": 9, "question": 13, "selected_option": 50}}, {"model": "quizzes.useranswer", "pk": 94, "fields": {"user": 9, "question": 14, "selected_option": 54}}, {"model": "quizzes.useranswer", "pk": 95, "fields": {"user": 9, "question": 15, "selected_option": 58}}, {"model": "quizzes.useranswer", "pk": 96, "fields": {"user": 9, "question": 16, "selected_option": 62}}, {"model": "quizzes.useranswer", "pk": 97, "fields": {"user": 10, "question": 1, "selected_option": 1}}, {"model": "quizzes.useranswer", "pk": 98, "fields": {"user": 10, "question": 2, "selected_option": 5}}, {"model": "quizzes.useranswer", "pk": 99, "fields": {"user": 10, "question": 3, "selected_option": 9}}, {"model": "quizzes.useranswer", "pk": 100, "fields": {"user": 10, "question": 4, "selected_option": 13}}, {"model": "quizzes.useranswer", "pk": 101, "fields": {"user": 10, "question": 5, "selected_option": 17}}, {"model": "quizzes.useranswer", "pk": 102, "fields": {"user": 10, "question": 6, "selected_option": 21}}, {"model": "quizzes.useranswer", "pk": 103, "fields": {"user": 10, "question": 7, "selected_option": 25}}, {"model": "quizzes.useranswer", "pk": 104, "fields": {"user": 10, "question": 8, "selected_option": 29}}, {"model": "quizzes.useranswer", "pk": 105, "fields": {"user": 10, "question": 9, "selected_option": 33}}, {"model": "quizzes.useranswer", "pk": 106, "fields": {"user": 10, "question": 10, "selected_option": 37}}, {"model": "quizzes.useranswer", "pk": 107, "fields": {"user": 10, "question": 11, "selected_option": 41}}, {"model": "quizzes.useranswer", "pk": 108, "fields": {"user": 10, "question": 12, "selected_option": 45}}, {"model": "quizzes.useranswer", "pk": 109, "fields": {"user": 10, "question": 13, "selected_option": 49}}, {"model": "quizzes.useranswer", "pk": 110, "fields": {"user": 10, "question": 14, "selected_option": 53}}, {"model": "quizzes.useranswer", "pk": 111, "fields": {"user": 10, "question": 15, "selected_option": 57}}, {"model": "quizzes.useranswer", "pk": 112, "fields": {"user": 10, "question": 16, "selected_option": 61}}, {"model": "quizzes.useranswer", "pk": 113, "fields": {"user": 11, "question": 1, "selected_option": 2}}, {"model": "quizzes.useranswer", "pk": 114, "fields": {"user": 11, "question": 2, "selected_option": 8}}, {"model": "quizzes.useranswer", "pk": 115, "fields": {"user": 11, "question": 3, "selected_option": 11}}, {"model": "quizzes.useranswer", "pk": 116, "fields": {"user": 11, "question": 4, "selected_option": 15}}, {"model": "quizzes.useranswer", "pk": 117, "fields": {"user": 11, "question": 5, "selected_option": 18}}, {"model": "quizzes.useranswer", "pk": 118, "fields": {"user": 11, "question": 6, "selected_option": 23}}, {"model": "quizzes.useranswer", "pk": 119, "fields": {"user": 11, "question": 7, "selected_option": 28}}, {"model": "quizzes.useranswer", "pk": 120, "fields": {"user": 11, "question": 8, "selected_option": 31}}, {"model": "quizzes.useranswer", "pk": 121, "fields": {"user": 11, "question": 9, "selected_option": 34}}, {"model": "quizzes.useranswer", "pk": 122, "fields": {"user": 11, "question": 10, "selected_option": 40}}, {"model": "quizzes.useranswer", "pk": 123, "fields": {"user": 11, "question": 11, "selected_option": 42}}, {"model": "quizzes.useranswer", "pk": 124, "fields": {"user": 11, "question": 12, "selected_option": 48}}, {"model": "quizzes.useranswer", "pk": 125, "fields": {"user": 11, "question": 13, "selected_option": 49}}, {"model": "quizzes.useranswer", "pk": 126, "fields": {"user": 11, "question": 14, "selected_option": 56}}, {"model": "quizzes.useranswer", "pk": 127, "fields": {"user": 11, "question": 15, "selected_option": 58}}, {"model": "quizzes.useranswer", "pk": 128, "fields": {"user": 11, "question": 16, "selected_option": 61}}, {"model": "quizzes.userresult", "pk": 1, "fields": {"user": 3, "questionnaire": 1, "dominant_category": "A"}}, {"model": "quizzes.userresult", "pk": 2, "fields": {"user": 6, "questionnaire": 1, "dominant_category": "R"}}, {"model": "quizzes.userresult", "pk": 3, "fields": {"user": 8, "questionnaire": 1, "dominant_category": "A"}}, {"model": "quizzes.userresult", "pk": 4, "fields": {"user": 7, "questionnaire": 1, "dominant_category": "R"}}, {"model": "quizzes.userresult", "pk": 5, "fields": {"user": 9, "questionnaire": 1, "dominant_category": "A"}}, {"model": "quizzes.userresult", "pk": 6, "fields": {"user": 10, "questionnaire": 1, "dominant_category": "V"}}, {"model": "quizzes.userresult", "pk": 7, "fields": {"user": 11, "questionnaire": 1, "dominant_category": "A"}}]
